REPOSITORY,ISSUE_ID,STATUS,EVENT,CREATED_AT,TIME DURATION,NEGATIVE,NEUTRAL,POSITIVE,MSG,,,,,,,,,,,,,,,,,,,,,,,,,,,,,,,,,,,,,,,,,,,,,,,,,,,,,,,,,,,,,,,,,,,,,,,,,,,,,,,,,,,,,,,,,,,,,,,,,
beanstalkd,53,closed,opened,2010-12-19 16:45:23,,,,,,,,,,,,,,,,,,,,,,,,,,,,,,,,,,,,,,,,,,,,,,,,,,,,,,,,,,,,,,,,,,,,,,,,,,,,,,,,,,,,,,,,,,,,,,,,,,,,,,
beanstalkd,53,closed,title,2010-12-19 16:45:23,00:00,,1,,"b""b' CPU pinned / spinning on epoll_wait'""",,,,,,,,,,,,,,,,,,,,,,,,,,,,,,,,,,,,,,,,,,,,,,,,,,,,,,,,,,,,,,,,,,,,,,,,,,,,,,,,,,,,,,,,,,,,,,,,,
beanstalkd,53,closed,body,2010-12-19 16:45:23,00:00,,1,,"b'b"" Haven\'t been able to identify the exact culprit", but out of the blue one of our beanstalk processes is pinning the CPU (system). Doing an strace shows: clock_gettime(CLOCK_MONOTONIC, {3162510, 551700172}) = 0epoll_wait(4, {{EPOLLIN, {u32=20, u64=20}}, {EPOLLIN, {u32=26, u64=26}}, {EPOLLIN, {u32=23, u64=23}}},32, 998) = 3clock_gettime(CLOCK_MONOTONIC, {3162510, 551773172}) = 0epoll_wait(4, {{EPOLLIN, {u32=23, u64=23}}, {EPOLLIN, {u32=26, u64=26}}, {EPOLLIN, {u32=20, u64=20}}},32, 998) = 3clock_gettime(CLOCK_MONOTONIC, {3162510, 551844172}) = 0epoll_wait(4, {{EPOLLIN, {u32=20, u64=20}}, {EPOLLIN, {u32=26, u64=26}}, {EPOLLIN, {u32=23, u64=23}}},32, 998) = 3clock_gettime(CLOCK_MONOTONIC, {3162510, 551916172}) = 0epoll_wait(4, {{EPOLLIN, {u32=23, u64=23}}, {EPOLLIN, {u32=26, u64=26}}, {EPOLLIN, {u32=20, u64=20}}},32, 998) = 3clock_gettime(CLOCK_MONOTONIC, {3162510, 551987172}) = 0epoll_wait(4, {{EPOLLIN, {u32=20, u64=20}}, {EPOLLIN, {u32=26, u64=26}}, {EPOLLIN, {u32=23, u64=23}}},32, 998) = 3clock_gettime(CLOCK_MONOTONIC, {3162510, 552059172}) = 0epoll_wait(4, {{EPOLLIN, {u32=23, u64=23}}, {EPOLLIN, {u32=26, u64=26}}, {EPOLLIN, {u32=20, u64=20}}},32, 998) = 3clock_gettime(CLOCK_MONOTONIC, {3162510, 552131172}) = 0epoll_wait(4, {{EPOLLIN, {u32=7, u64=7}}, {EPOLLIN, {u32=20, u64=20}}, {EPOLLIN, {u32=26, u64=26}}, {EPOLLIN, {u32=23, u64=23}}},32, 998) = 4clock_gettime(CLOCK_MONOTONIC, {3162510," 552203172}) = 0  Running 1.4.6 -anyone else experienced this? ""'"
beanstalkd,53,closed,1,2010-12-19 16:45:23,376.88,,1,,"b'b"" Haven\'t seen this. What version of libevent?""'",,,,,,,,,,,,,,,,,,,,,,,,,,,,,,,,,,,,,,,,,,,,,,,,,,,,,,,,,,,,,,,,,,,,,,,,,,,,,,,,,,,,,,,,,,,,,,,,,
beanstalkd,53,closed,2,2010-12-19 16:45:23,1127.33,1,,,"b'b"" As an update", I believe we\'ve run into the same behavior. Note that this elevated CPU usage does not correspond with an increase in throughput. Mean reserves per second is 150," though it does spike to 1000/s for very short periods of time (a few minutes).  [Here\'s what out CPU usage looked like before and after this problem cropped up]url  We\'re running a 32-bit EC2 instance (a small):Ubuntu 10.04.1 LTS package of libevent 1.4.13-stable-1 libc6 (2 2.4)beanstalkd 1.4.6 (built from source) CPU Info  model name  : Intel(R) Xeon(R) CPU     E5430  @ 2.66GHz  stepping  : 10  cpu MHz   : 2666.760  cache size  : 6144 KB uname -a:  Linux queue-0 2.6.32-305-ec2 #9-Ubuntu SMP Thu Apr 15 04:14:01 UTC 2010 i686 ""'",,,,,,,,,,,,,,,,,,,,,,,,,,,,,,,,,,,,,,,,,,,,,,,,,,,,,,,,,,,,,,,,,,,,,,,,,,,,,,,,,,,,,,,,,,,,,,,
beanstalkd,53,closed,3,2010-12-19 16:45:23,755.68,,1,,"b'b"" We don\'t use libevent at all any more", so it\'s possible the bug issimply gone. Even if not, it should be easier to fix now. Can anyone reproduce this with recent code from git (since April 19)?If so," please reopen the issue.""'",,,,,,,,,,,,,,,,,,,,,,,,,,,,,,,,,,,,,,,,,,,,,,,,,,,,,,,,,,,,,,,,,,,,,,,,,,,,,,,,,,,,,,,,,,,,,,
beanstalkd,53,closed,closed,2011-05-08 06:25:17,819.9,1,4,0,,,,,,,,,,,,,,,,,,,,,,,,,,,,,,,,,,,,,,,,,,,,,,,,,,,,,,,,,,,,,,,,,,,,,,,,,,,,,,,,,,,,,,,,,,,,,,,,,,
beanstalkd,53,closed,4,2010-12-19 16:45:23,557.02,,,1,b'b\' Keith," would you consider trunk be ""production quality"" at this point? We still have the IO pinned instance in prod", which I\\\'d love to fix up, but given that I\\\'ve had a very had time trying to synthetically reproduce this behavior.. don\\\'t want to break other stuff while trying building from master. ;-)\'',,,,,,,,,,,,,,,,,,,,,,,,,,,,,,,,,,,,,,,,,,,,,,,,,,,,,,,,,,,,,,,,,,,,,,,,,,,,,,,,,,,,,,,,,,,,,,
beanstalkd,53,closed,5,2010-12-19 16:45:23,400.87,,1,,"b'b"" Understood. Yes", I\'d consider it production quality, but if you\'reusing the binlog, be aware that the format has changed (fromversion 5 to 6) and I haven\'t yet written code to read version 5.Also, it will change again (to at least version 7) before the nextrelease," and I wasn\'t planning on writing a routine to read version 6.""'",,,,,,,,,,,,,,,,,,,,,,,,,,,,,,,,,,,,,,,,,,,,,,,,,,,,,,,,,,,,,,,,,,,,,,,,,,,,,,,,,,,,,,,,,,,,
beanstalkd,53,closed,6,2010-12-19 16:45:23,42.88,,,1,"b'b"" Ok", thanks," we\'ll give it a shot and let you know what we find out.""'",,,,,,,,,,,,,,,,,,,,,,,,,,,,,,,,,,,,,,,,,,,,,,,,,,,,,,,,,,,,,,,,,,,,,,,,,,,,,,,,,,,,,,,,,,,,,,,
beanstalkd,53,closed,7,2010-12-19 16:45:23,1178.43,,1,,"b'b"" Hi Keith", compiled and deployed the tip of beanstalkd as of June 10, 2011 and I\'m seeing the same behavior as described in the bug. It\'s not completely pegging the cpu, but we\'re getting the following from an strace. Didn\'t see the same behavior on 1.4.6. We have a large number of clients doing a \'reserve-with-timeout\'. Would that cause timestamp calls in a tight for-loop? epoll_wait(6, {},500, 10)      = 0gettimeofday({1307731157, 547447}, NULL) = 0gettimeofday({1307731157, 547522}, NULL) = 0epoll_wait(6, {},500, 10)      = 0gettimeofday({1307731157, 553925}, NULL) = 0epoll_wait(6, {},500, 10)      = 0gettimeofday({1307731157, 563925}, NULL) = 0gettimeofday({1307731157, 564007}, NULL) = 0epoll_wait(6, {},500, 10)      = 0gettimeofday({1307731157, 573923}, NULL) = 0epoll_wait(6, {},500, 10)      = 0gettimeofday({1307731157, 583918}, NULL) = 0gettimeofday({1307731157, 583975}, NULL) = 0epoll_wait(6, {},500, 10)      = 0gettimeofday({1307731157, 598114}, NULL) = 0gettimeofday({1307731157, 598163}, NULL) = 0epoll_wait(6, {},500, 10)      = 0gettimeofday({1307731157, 603916}, NULL) = 0epoll_wait(6, {},500, 10)      = 0gettimeofday({1307731157, 613894}, NULL) = 0gettimeofday({1307731157, 613947}, NULL) = 0epoll_wait(6, {},500, 10)      = 0gettimeofday({1307731157, 620005}, NULL) = 0epoll_wait(6, {},500, 10)      = 0gettimeofday({1307731157, 633839}, NULL) = 0gettimeofday({1307731157, 633897}, NULL) = 0epoll_wait(6, {},500, 10)      = 0gettimeofday({1307731157, 643883}, NULL) = 0epoll_wait(6, {},500, 10)      = 0gettimeofday({1307731157, 649118}, NULL) = 0gettimeofday({1307731157, 649167}, NULL) = 0epoll_wait(6, {},500, 10)      = 0gettimeofday({1307731157, 660758}, NULL) = 0gettimeofday({1307731157, 660833}," NULL) = 0""'",,,,,,,,,,,,,
beanstalkd,53,closed,8,2010-12-19 16:45:23,737.18,,1,,"b'b"" This output looks normal. The process wakes up at least onceevery 10ms to see if anything needs to be done (such as movinga job from the delay queue to the ready queue). Beanstalkd used to compute the exact amount of time to wait",so you\'d see absolutely no activity when nothing needs to bedone. I changed it to wake up at a fixed period while refactoringthe networking code and removing libevent, because doing itthis way is easier to get right. Eventually I\'d like to switch backto an exact calculation of the sleep time, but that\'s pretty fardown on the priority list, since the performance impact is tiny,"and it only makes a difference when the system is idle.""'",,,,,,,,,,,,,,,,,,,,,,,,,,,,,,,,,,,,,,,,,,,,,,,,,,,,,,,,,,,,,,,,,,,,,,,,,,,,,,,,,,,,,,,,,,,,
beanstalkd,53,closed,reopened,2012-02-05 06:24:24,1439.12,1,7,2,,,,,,,,,,,,,,,,,,,,,,,,,,,,,,,,,,,,,,,,,,,,,,,,,,,,,,,,,,,,,,,,,,,,,,,,,,,,,,,,,,,,,,,,,,,,,,,,,,
beanstalkd,53,closed,9,2010-12-19 16:45:23,1403.65,1,,,"b'b"" See url  forfurther discussion. I suspect it\'s the same problem. **Edit:** fixed link.""'",,,,,,,,,,,,,,,,,,,,,,,,,,,,,,,,,,,,,,,,,,,,,,,,,,,,,,,,,,,,,,,,,,,,,,,,,,,,,,,,,,,,,,,,,,,,,,,,,
beanstalkd,53,closed,10,2010-12-19 16:45:23,349.77,,,1,"b""b' Just to keep it in the github issue tracker here is my current situation withevent loop on beanstalkd 1.5 and openbsd (compiled with port-bsd.c", sock-bsd.c) Here is the loop eating up to 100% CPU (1 core)  CALL  kevent(0x6,0,0,0x7f7ffffc5f80,0x1,0x829e80) RET kevent 1 CALL  gettimeofday(0x7f7ffffc5f50,0) RET gettimeofday 0 CALL  read(0x1d,0x207db7854,0xd0) RET read -1 errno 35 Resource temporarily unavailable CALL  kevent(0x6,0,0,0x7f7ffffc5f80,0x1,0x829e80) RET kevent 1 CALL  gettimeofday(0x7f7ffffc5f50,0) RET gettimeofday 0 CALL  read(0x1b,0x207db7c54,0xd0) RET read -1 errno 35 Resource temporarily unavailable CALL  kevent(0x6,0,0,0x7f7ffffc5f80,0x1,0x829e80) RET kevent 1 CALL  gettimeofday(0x7f7ffffc5f50,0) RET gettimeofday 0 CALL  kevent(0x6,0,0,0x7f7ffffc5f80,0x1,0x829e80) RET kevent 1 CALL  gettimeofday(0x7f7ffffc5f50,0) RET gettimeofday 0 CALL  kevent(0x6,0,0,0x7f7ffffc5f80,0x1,0x829e80) RET kevent 1 CALL  gettimeofday(0x7f7ffffc5f50,0) RET gettimeofday 0 CALL  read(0x10,0x20cd73054,0xd0) RET read -1 errno 35 Resource temporarily unavailable CALL  kevent(0x6,0,0,0x7f7ffffc5f80,0x1,0x829e80) RET kevent 1 CALL  gettimeofday(0x7f7ffffc5f50,0) RET gettimeofday 0 CALL  kevent(0x6,0,0,0x7f7ffffc5f80,0x1,"0x829e80) RET kevent 1'""",,,,,,,,,,,,,,,,,,,,,,,,,,,,,,,,,,,,,,,,,,,,,,,,,
beanstalkd,53,closed,11,2010-12-19 16:45:23,898.18,,1,,"b'b"" This was separately reported as #96"," and it\'s fixed now.""'",,,,,,,,,,,,,,,,,,,,,,,,,,,,,,,,,,,,,,,,,,,,,,,,,,,,,,,,,,,,,,,,,,,,,,,,,,,,,,,,,,,,,,,,,,,,,,,,
beanstalkd,53,closed,closed,2012-02-13 03:13:16,1248.87,2,8,3,,,,,,,,,,,,,,,,,,,,,,,,,,,,,,,,,,,,,,,,,,,,,,,,,,,,,,,,,,,,,,,,,,,,,,,,,,,,,,,,,,,,,,,,,,,,,,,,,,
beanstalkd,53,closed,-,-,-,2,8,3,,,,,,,,,,,,,,,,,,,,,,,,,,,,,,,,,,,,,,,,,,,,,,,,,,,,,,,,,,,,,,,,,,,,,,,,,,,,,,,,,,,,,,,,,,,,,,,,,,
beanstalkd,56,open,opened,2011-02-28 09:46:58,,,,,,,,,,,,,,,,,,,,,,,,,,,,,,,,,,,,,,,,,,,,,,,,,,,,,,,,,,,,,,,,,,,,,,,,,,,,,,,,,,,,,,,,,,,,,,,,,,,,,,
beanstalkd,56,open,title,2011-02-28 09:46:58,00:00,,1,,"b""b' custom upper limits on queue length?'""",,,,,,,,,,,,,,,,,,,,,,,,,,,,,,,,,,,,,,,,,,,,,,,,,,,,,,,,,,,,,,,,,,,,,,,,,,,,,,,,,,,,,,,,,,,,,,,,,
beanstalkd,56,open,body,2011-02-28 09:46:58,00:00,1,,,"b'b"" It\'d be nice to have a size limit on queues specified by users. Do you have any plan to implement this? It\'ll be very sad if the job producers can keep feeding jobs into a queue until the queue server eventually runs out of memory.""'",,,,,,,,,,,,,,,,,,,,,,,,,,,,,,,,,,,,,,,,,,,,,,,,,,,,,,,,,,,,,,,,,,,,,,,,,,,,,,,,,,,,,,,,,,,,,,,,,
beanstalkd,56,open,1,2011-02-28 09:46:58,990.2,,1,,"b'b"" You can limit the total memory used by a beanstalkd processwith something like ulimit -v"," but there\'s no way to limitindividual tubes.""'",,,,,,,,,,,,,,,,,,,,,,,,,,,,,,,,,,,,,,,,,,,,,,,,,,,,,,,,,,,,,,,,,,,,,,,,,,,,,,,,,,,,,,,,,,,,,,,,
beanstalkd,56,open,2,2011-02-28 09:46:58,873.92,,,1,"b'b"" @agentzh Also", running out of memory doesn\'t crash the process, but simply makes producers unable to put new jobs until there is more available memory. See url  The only use-case I can see for your feature request is if you have multiple tubes and you would like to make sure that producers for one tube doesn\'t get blocked by producers filling up the beanstalkd instance with jobs in another tube. I\'d say this is a pretty rare case, and you are making things overly complicated if this is an issue. @kr: I suggest this issue can be closed. @agentzh In case @kr closes this," feel free to reopen if still an issue!""'",,,,,,,,,,,,,,,,,,,,,,,,,,,,,,,,,,,,,,,,,,,,,,,,,,,,,,,,,,,,,,,,,,,,,,,,,,,,,,,,,,,,,,,,,,,,,
beanstalkd,56,open,3,2011-02-28 09:46:58,216.83,,1,,"b'b"" This is a reasonable feature request"," but it has come up so rarely (and I\'m not aware of anyone who\'s actually had a problem because of the absence of this feature) that it\'s probably not worth adding.""'",,,,,,,,,,,,,,,,,,,,,,,,,,,,,,,,,,,,,,,,,,,,,,,,,,,,,,,,,,,,,,,,,,,,,,,,,,,,,,,,,,,,,,,,,,,,,,,,
beanstalkd,56,open,closed,2016-04-08 20:27:55,640.95,1,3,1,,,,,,,,,,,,,,,,,,,,,,,,,,,,,,,,,,,,,,,,,,,,,,,,,,,,,,,,,,,,,,,,,,,,,,,,,,,,,,,,,,,,,,,,,,,,,,,,,,
beanstalkd,56,open,4,2011-02-28 09:46:58,79.63,1,,,"b'b"" @JensRantil For operating systems with memory over committing", running out of memory may make the OOM killer engage in I\'m afraid. @kr The lack of the queue length limit still looks like a severe limitation to me. And from the implementor\'s perspective," this should be dead simple to add IMHO.""'",,,,,,,,,,,,,,,,,,,,,,,,,,,,,,,,,,,,,,,,,,,,,,,,,,,,,,,,,,,,,,,,,,,,,,,,,,,,,,,,,,,,,,,,,,,,,,,
beanstalkd,56,open,5,2011-02-28 09:46:58,215.63,,,1,"b'b"" Yeah", I was probably too hasty in closing this bug. Sorry, I did a bunch on an airplane and didn\'t consider this carefully. I still agree it\'s a reasonable feature request. Just know that I have no idea if I\'ll have the time to implement it in the near future. I\'d happily accept a patch for it. Perhaps a new command: that specifies either a number of jobs or a memory size in bytes (of the job payloads, or perhaps including the internal job structs as well). @agentzh which of these would be more useful? Any tube with a specific limit would stick around. There would need to be a way to turn  the limit, (e.g. or as special case). Of if you have a better suggestion for the interface," that\'s great!""'",,,,,,,,,,,,,,,,,,,,,,,,,,,,,,,,,,,,,,,,,,,,,,,,,,,,,,,,,,,,,,,,,,,,,,,,,,,,,,,,,,,,,,,,,,,,
beanstalkd,56,open,reopened,2016-04-09 01:23:11,295.27,2,3,2,,,,,,,,,,,,,,,,,,,,,,,,,,,,,,,,,,,,,,,,,,,,,,,,,,,,,,,,,,,,,,,,,,,,,,,,,,,,,,,,,,,,,,,,,,,,,,,,,,
beanstalkd,56,open,6,2011-02-28 09:46:58,901.58,,1,,"b'b\' Maybe it would make more sense to add a command to [delete a tube]url  instead. It would be slightly more general instead of etc. in case ""persistent tubes"" would be introduced by other settings such as limit.\''",,,,,,,,,,,,,,,,,,,,,,,,,,,,,,,,,,,,,,,,,,,,,,,,,,,,,,,,,,,,,,,,,,,,,,,,,,,,,,,,,,,,,,,,,,,,,,,,,
beanstalkd,56,open,-,-,-,2,4,2,,,,,,,,,,,,,,,,,,,,,,,,,,,,,,,,,,,,,,,,,,,,,,,,,,,,,,,,,,,,,,,,,,,,,,,,,,,,,,,,,,,,,,,,,,,,,,,,,,
beanstalkd,70,closed,opened,2011-08-18 06:13:38,,,,,,,,,,,,,,,,,,,,,,,,,,,,,,,,,,,,,,,,,,,,,,,,,,,,,,,,,,,,,,,,,,,,,,,,,,,,,,,,,,,,,,,,,,,,,,,,,,,,,,
beanstalkd,70,closed,title,2011-08-18 06:13:38,00:00,,1,,"b""b' seg fault in 1.4.6+71+ge3158bc'""",,,,,,,,,,,,,,,,,,,,,,,,,,,,,,,,,,,,,,,,,,,,,,,,,,,,,,,,,,,,,,,,,,,,,,,,,,,,,,,,,,,,,,,,,,,,,,,,,
beanstalkd,70,closed,body,2011-08-18 06:13:38,00:00,,,1,"b'b"" I\'m not sure exactly what causes the segfault", but I have a process that seems to be reliably able to cause beanstalkd to segfault under linux.  My system is a Gentoo system with kernel 2.6.39-r3, libevent 2.0.13, and the latest version of beanstalkd from git (1.4.6+71+ge3158bc).  I use a python beanstalkc client for all of my connections, but some of the connections are from python running under Windows XP and some are from python running under Linux.  The beanstalk server is running under Linux.  Almost all of the clients watch the same 5 tubes and dump their results into another queue.  I\'d be more than happy to provide more information if it would help. The segfault happens in prot.c at line 1531 - Looks like the reply is either unallocated or free\'d memory.  It may be something else entirely. I have a screenshot from a monitoring program I wrote.  If I could attach it to this report I would. It shows the number of jobs that are ready and reserved as well as the number of producers and workers for each tube.  Perhaps I can email it. I\'m not sure what I can do to help debug this problem," but I\'m more than happy to help because I would love to have this fixed.""'",,,,,,,,,,,,,,,,,,,,,,,,,,,,,,,,,,,,,,,,,,,,,,,,,,,,,,,,,,,,,,,,,,,,,,,,,,,,,,,,,,,,,,,,,,,,
beanstalkd,70,closed,1,2011-08-18 06:13:38,1039.2,,1,,"b'b"" So after rebuilding glibc with the debug library and with an unstripped ", I was able to run valgrind on the most recent version of beanstalk (1.4.6+71+ge3168bc) .  It looks clearly like there a problem.  Depending on my energy," I\'ll look more carefully at this over the weekend.  Here are the current stats when these errors are showing up:  ""'",,,,,,,,,,,,,,,,,,,,,,,,,,,,,,,,,,,,,,,,,,,,,,,,,,,,,,,,,,,,,,,,,,,,,,,,,,,,,,,,,,,,,,,,,,,,,,,
beanstalkd,70,closed,closed,2011-08-20 21:10:38,897.0,0,2,1,,,,,,,,,,,,,,,,,,,,,,,,,,,,,,,,,,,,,,,,,,,,,,,,,,,,,,,,,,,,,,,,,,,,,,,,,,,,,,,,,,,,,,,,,,,,,,,,,,
beanstalkd,70,closed,reopened,2011-08-20 21:10:43,0.08,0,2,1,,,,,,,,,,,,,,,,,,,,,,,,,,,,,,,,,,,,,,,,,,,,,,,,,,,,,,,,,,,,,,,,,,,,,,,,,,,,,,,,,,,,,,,,,,,,,,,,,,
beanstalkd,70,closed,2,2011-08-18 06:13:38,1299.3,,,1,"b'b"" Thanks so much for this work. I\'ll try to reproduce it.""'",,,,,,,,,,,,,,,,,,,,,,,,,,,,,,,,,,,,,,,,,,,,,,,,,,,,,,,,,,,,,,,,,,,,,,,,,,,,,,,,,,,,,,,,,,,,,,,,,
beanstalkd,70,closed,3,2011-08-18 06:13:38,346.33,,,1,"b'b"" That valgrind trace was perfect"," thanks. It\'s fixed in my local tree now.""'",,,,,,,,,,,,,,,,,,,,,,,,,,,,,,,,,,,,,,,,,,,,,,,,,,,,,,,,,,,,,,,,,,,,,,,,,,,,,,,,,,,,,,,,,,,,,,,,
beanstalkd,70,closed,closed,2011-09-25 03:04:00,353.28,0,2,3,,,,,,,,,,,,,,,,,,,,,,,,,,,,,,,,,,,,,,,,,,,,,,,,,,,,,,,,,,,,,,,,,,,,,,,,,,,,,,,,,,,,,,,,,,,,,,,,,,
beanstalkd,70,closed,4,2011-08-18 06:13:38,953.95,,,1,"b'b"" Thank you", thank you," thank you.  I appreciate the bug fix and I\'ll test today to see how well things run.  Once again -thanks!""'",,,,,,,,,,,,,,,,,,,,,,,,,,,,,,,,,,,,,,,,,,,,,,,,,,,,,,,,,,,,,,,,,,,,,,,,,,,,,,,,,,,,,,,,,,,,,,,
beanstalkd,70,closed,-,-,-,0,2,4,,,,,,,,,,,,,,,,,,,,,,,,,,,,,,,,,,,,,,,,,,,,,,,,,,,,,,,,,,,,,,,,,,,,,,,,,,,,,,,,,,,,,,,,,,,,,,,,,,
beanstalkd,78,closed,opened,2011-10-13 20:53:04,,,,,,,,,,,,,,,,,,,,,,,,,,,,,,,,,,,,,,,,,,,,,,,,,,,,,,,,,,,,,,,,,,,,,,,,,,,,,,,,,,,,,,,,,,,,,,,,,,,,,,
beanstalkd,78,closed,title,2011-10-13 20:53:04,00:00,,1,,"b""b' A second connection watching a tube hangs reserve-with-timeout'""",,,,,,,,,,,,,,,,,,,,,,,,,,,,,,,,,,,,,,,,,,,,,,,,,,,,,,,,,,,,,,,,,,,,,,,,,,,,,,,,,,,,,,,,,,,,,,,,,
beanstalkd,78,closed,body,2011-10-13 20:53:04,00:00,,1,,b'b\' When using reserve with timeout from multiple connections on the same tube," only the last one receives ""TIMED_OUT"".  The other connections hang indefinitely.  This is occurs with the trunk codebase. More specifically:connection A watches tube \\\'foo\\\' then issues a reserve-with-timeout N secondsconnection B watches tube \\\'foo\\\' within the N seconds periodconnection A is never issued a ""TIMED_OUT"" response The issue seems to stem from the existing connection being removed from srv->conns when the most recent connection issues the watch foo command.  I\\\'m still digging into the code to understand why that is happening.\''",,,,,,,,,,,,,,,,,,,,,,,,,,,,,,,,,,,,,,,,,,,,,,,,,,,,,,,,,,,,,,,,,,,,,,,,,,,,,,,,,,,,,,,,,,,,,,,,
beanstalkd,78,closed,1,2011-10-13 20:53:04,235.78,,,1,"b'b"" Confirmed", thanks. If there\'s anything I can do to help youtrack this down," let me know!""'",,,,,,,,,,,,,,,,,,,,,,,,,,,,,,,,,,,,,,,,,,,,,,,,,,,,,,,,,,,,,,,,,,,,,,,,,,,,,,,,,,,,,,,,,,,,,,,
beanstalkd,78,closed,closed,2011-10-14 02:56:33,363.48,0,2,1,,,,,,,,,,,,,,,,,,,,,,,,,,,,,,,,,,,,,,,,,,,,,,,,,,,,,,,,,,,,,,,,,,,,,,,,,,,,,,,,,,,,,,,,,,,,,,,,,,
beanstalkd,78,closed,reopened,2011-10-14 02:57:46,1.22,0,2,1,,,,,,,,,,,,,,,,,,,,,,,,,,,,,,,,,,,,,,,,,,,,,,,,,,,,,,,,,,,,,,,,,,,,,,,,,,,,,,,,,,,,,,,,,,,,,,,,,,
beanstalkd,78,closed,2,2011-10-13 20:53:04,128.97,,,1,"b'b"" Cool", I didn\'t mean to close this just now.  Anyway," I think I\'m pretty close and I hope to have a patch by Monday.""'",,,,,,,,,,,,,,,,,,,,,,,,,,,,,,,,,,,,,,,,,,,,,,,,,,,,,,,,,,,,,,,,,,,,,,,,,,,,,,,,,,,,,,,,,,,,,,,
beanstalkd,78,closed,3,2011-10-13 20:53:04,1073.0,,1,,"b'b"" Ok"," I have a one-line fix but developing a unit test for the bug will be trickier because the current unit test framework does not appear to support multiple concurrent connections.  I\'ll look to see if I figure something out this evening.""'",,,,,,,,,,,,,,,,,,,,,,,,,,,,,,,,,,,,,,,,,,,,,,,,,,,,,,,,,,,,,,,,,,,,,,,,,,,,,,,,,,,,,,,,,,,,,,,,
beanstalkd,78,closed,4,2011-10-13 20:53:04,377.07,1,,,"b'b"" Hey", even if it\'s not totally finished," can you push the fix for thisin a branch somewhere? I\'d like to take a look at it. It shouldn\'t be too hard to copy in to a newfunction and edit it to make two concurrent connections.""'",,,,,,,,,,,,,,,,,,,,,,,,,,,,,,,,,,,,,,,,,,,,,,,,,,,,,,,,,,,,,,,,,,,,,,,,,,,,,,,,,,,,,,,,,,,,,,,
beanstalkd,78,closed,5,2011-10-13 20:53:04,1423.62,,1,,"b""b' I just wrote a test for this.'""",,,,,,,,,,,,,,,,,,,,,,,,,,,,,,,,,,,,,,,,,,,,,,,,,,,,,,,,,,,,,,,,,,,,,,,,,,,,,,,,,,,,,,,,,,,,,,,,,
beanstalkd,78,closed,closed,2012-01-15 03:37:09,39.38,1,4,2,,,,,,,,,,,,,,,,,,,,,,,,,,,,,,,,,,,,,,,,,,,,,,,,,,,,,,,,,,,,,,,,,,,,,,,,,,,,,,,,,,,,,,,,,,,,,,,,,,
beanstalkd,78,closed,6,2011-10-13 20:53:04,158.37,,,1,"b'b"" Great!  I saw your message about adding the test and was going to check my fix (which we\'ve been running in production since October) but it looks like I\'m too late.  I had slightly changed the logic in srvscheconn in srv.c but your fix is better. ""'",,,,,,,,,,,,,,,,,,,,,,,,,,,,,,,,,,,,,,,,,,,,,,,,,,,,,,,,,,,,,,,,,,,,,,,,,,,,,,,,,,,,,,,,,,,,,,,,,
beanstalkd,78,closed,7,2011-10-13 20:53:04,969.78,,1,,"b'b"" I\'m still seeing exactly this behavior on 1.5""'",,,,,,,,,,,,,,,,,,,,,,,,,,,,,,,,,,,,,,,,,,,,,,,,,,,,,,,,,,,,,,,,,,,,,,,,,,,,,,,,,,,,,,,,,,,,,,,,,
beanstalkd,78,closed,-,-,-,1,5,3,,,,,,,,,,,,,,,,,,,,,,,,,,,,,,,,,,,,,,,,,,,,,,,,,,,,,,,,,,,,,,,,,,,,,,,,,,,,,,,,,,,,,,,,,,,,,,,,,,
beanstalkd,144,closed,opened,2012-10-07 18:14:57,,,,,,,,,,,,,,,,,,,,,,,,,,,,,,,,,,,,,,,,,,,,,,,,,,,,,,,,,,,,,,,,,,,,,,,,,,,,,,,,,,,,,,,,,,,,,,,,,,,,,,
beanstalkd,144,closed,title,2012-10-07 18:14:57,00:00,,1,,"b""b' 99% CPU on ubuntu 12.04 when clients connect'""",,,,,,,,,,,,,,,,,,,,,,,,,,,,,,,,,,,,,,,,,,,,,,,,,,,,,,,,,,,,,,,,,,,,,,,,,,,,,,,,,,,,,,,,,,,,,,,,,
beanstalkd,144,closed,body,2012-10-07 18:14:57,00:00,,1,,"b'b"" Beanstalkd process is showing 99% cpu on ubuntu 12.04 (fresh install) when 2 or more clients connect. I\'m using beanstalkd 1.7.""'",,,,,,,,,,,,,,,,,,,,,,,,,,,,,,,,,,,,,,,,,,,,,,,,,,,,,,,,,,,,,,,,,,,,,,,,,,,,,,,,,,,,,,,,,,,,,,,,,
beanstalkd,144,closed,1,2012-10-07 18:14:57,482.42,,1,,"b""b' I tried to reproduce this using the description you gave","but was unsuccessful. Can you provide more detailedsteps to reproduce the problem?'""",,,,,,,,,,,,,,,,,,,,,,,,,,,,,,,,,,,,,,,,,,,,,,,,,,,,,,,,,,,,,,,,,,,,,,,,,,,,,,,,,,,,,,,,,,,,,,,,
beanstalkd,144,closed,2,2012-10-07 18:14:57,68.97,,1,,"b'b"" I upgraded from 1.4.6 to 1.7 and got this issue. I think this maybe an issue with the ruby beanstalkd-client gem. I\'ll do some more testing and report back.""'",,,,,,,,,,,,,,,,,,,,,,,,,,,,,,,,,,,,,,,,,,,,,,,,,,,,,,,,,,,,,,,,,,,,,,,,,,,,,,,,,,,,,,,,,,,,,,,,,
beanstalkd,144,closed,3,2012-10-07 18:14:57,6.02,,1,,"b'b"" If you run version 1.7 with you\'ll get some detailedlogs. Could you post a sample of the logs you see duringthe 99% cpu usage? There\'s no need to capture hugeamounts of logs; just a few hundred lines should suffice.""'",,,,,,,,,,,,,,,,,,,,,,,,,,,,,,,,,,,,,,,,,,,,,,,,,,,,,,,,,,,,,,,,,,,,,,,,,,,,,,,,,,,,,,,,,,,,,,,,,
beanstalkd,144,closed,4,2012-10-07 18:14:57,6.98,,,1,"b""b' Awesome"," I ran it with the -VVV and got the 99% CPU usage again right away. Full log: url '""",,,,,,,,,,,,,,,,,,,,,,,,,,,,,,,,,,,,,,,,,,,,,,,,,,,,,,,,,,,,,,,,,,,,,,,,,,,,,,,,,,,,,,,,,,,,,,,,
beanstalkd,144,closed,5,2012-10-07 18:14:57,759.0,,,1,"b""b' If that can help", I have the same issue with 1.7 on CentOS (actually Amazon Linux)," and I do not use the Ruby gem on the client side. Logs: The 100% CPU usage actually occurs not when I connect the consumer client but when I quit it.'""",,,,,,,,,,,,,,,,,,,,,,,,,,,,,,,,,,,,,,,,,,,,,,,,,,,,,,,,,,,,,,,,,,,,,,,,,,,,,,,,,,,,,,,,,,,,,,,
beanstalkd,144,closed,6,2012-10-07 18:14:57,314.07,,1,,"b""b' I downgraded to 1.4.6 and got the same issue. So the issue must be with a dependency. '""",,,,,,,,,,,,,,,,,,,,,,,,,,,,,,,,,,,,,,,,,,,,,,,,,,,,,,,,,,,,,,,,,,,,,,,,,,,,,,,,,,,,,,,,,,,,,,,,,
beanstalkd,144,closed,7,2012-10-07 18:14:57,1225.45,,1,,"b""b' KR where you able to replicate the issue? Using EC2 official  AMIs i get this issue right away.'""",,,,,,,,,,,,,,,,,,,,,,,,,,,,,,,,,,,,,,,,,,,,,,,,,,,,,,,,,,,,,,,,,,,,,,,,,,,,,,,,,,,,,,,,,,,,,,,,,
beanstalkd,144,closed,8,2012-10-07 18:14:57,334.68,,1,,"b'b"" I\'ve reproduced it with 1.7 on Ubuntu 12.04. However", the bugdoes not manifest in head of master. I\'ll track down whichcommit fixed it; regardless," the next release will not have thisbug.""'",,,,,,,,,,,,,,,,,,,,,,,,,,,,,,,,,,,,,,,,,,,,,,,,,,,,,,,,,,,,,,,,,,,,,,,,,,,,,,,,,,,,,,,,,,,,,,,
beanstalkd,144,closed,closed,2012-10-10 23:32:32,317.58,0,8,2,,,,,,,,,,,,,,,,,,,,,,,,,,,,,,,,,,,,,,,,,,,,,,,,,,,,,,,,,,,,,,,,,,,,,,,,,,,,,,,,,,,,,,,,,,,,,,,,,,
beanstalkd,144,closed,9,2012-10-07 18:14:57,11.35,1,,,"b'b"" Oops"," that\'s wrong. It definitely happens on master.""'",,,,,,,,,,,,,,,,,,,,,,,,,,,,,,,,,,,,,,,,,,,,,,,,,,,,,,,,,,,,,,,,,,,,,,,,,,,,,,,,,,,,,,,,,,,,,,,,
beanstalkd,144,closed,reopened,2012-10-10 23:43:53,11.35,1,8,2,,,,,,,,,,,,,,,,,,,,,,,,,,,,,,,,,,,,,,,,,,,,,,,,,,,,,,,,,,,,,,,,,,,,,,,,,,,,,,,,,,,,,,,,,,,,,,,,,,
beanstalkd,144,closed,10,2012-10-07 18:14:57,2.6,,1,,"b""b' For reference"," a further reduced test case is:1. Start beanstalkd2. Connect a client3. Run  4. Disconnect the client'""",,,,,,,,,,,,,,,,,,,,,,,,,,,,,,,,,,,,,,,,,,,,,,,,,,,,,,,,,,,,,,,,,,,,,,,,,,,,,,,,,,,,,,,,,,,,,,,,
beanstalkd,144,closed,11,2012-10-07 18:14:57,202.57,,1,,"b'b"" This issue is a little strange. I have one server (lets call it server-a) with ubuntu 10.04 that doesn\'t have this issue"," all the other other linux distro and even the clones of the good server server-a i tested gets this issue.""'",,,,,,,,,,,,,,,,,,,,,,,,,,,,,,,,,,,,,,,,,,,,,,,,,,,,,,,,,,,,,,,,,,,,,,,,,,,,,,,,,,,,,,,,,,,,,,,,
beanstalkd,144,closed,12,2012-10-07 18:14:57,533.75,,,1,"b""b' kr"," any luck tracking down this issue? I been trying to fix it by self with no luck. Seems to be effecting all versions after 1.4.6.'""",,,,,,,,,,,,,,,,,,,,,,,,,,,,,,,,,,,,,,,,,,,,,,,,,,,,,,,,,,,,,,,,,,,,,,,,,,,,,,,,,,,,,,,,,,,,,,,,
beanstalkd,144,closed,13,2012-10-07 18:14:57,676.3,,1,,"b'b"" We\'re seeing this as well on a CentOS 5 box running in EC2 with version 1.7.  We never saw 1.4.6 eat this much CPU (running on the same size EC2 instance"," but not the same instance itself).  Queue activity hasn\'t changed from 1.4.6 to 1.7.""'",,,,,,,,,,,,,,,,,,,,,,,,,,,,,,,,,,,,,,,,,,,,,,,,,,,,,,,,,,,,,,,,,,,,,,,,,,,,,,,,,,,,,,,,,,,,,,,,
beanstalkd,144,closed,14,2012-10-07 18:14:57,640.48,1,,,"b'b"" This bug was introduced in a9d436718ad9d8c60a250dd0269feac5f1287a52. The problem is that when the client sends  ", we currentlyask for an event when the client hangs up, but don\'t actually closethe connection. As long as the connection remains open, thishangup event is always available. Not only does this waste CPU,it also effectively leaks an fd. I have a fix prepared, once I get a chance to test the fix more,"I\'ll push it out. Probably tomorrow.""'",,,,,,,,,,,,,,,,,,,,,,,,,,,,,,,,,,,,,,,,,,,,,,,,,,,,,,,,,,,,,,,,,,,,,,,,,,,,,,,,,,,,,,,,,,,
beanstalkd,144,closed,closed,2012-10-19 07:52:19,488.43,2,11,3,,,,,,,,,,,,,,,,,,,,,,,,,,,,,,,,,,,,,,,,,,,,,,,,,,,,,,,,,,,,,,,,,,,,,,,,,,,,,,,,,,,,,,,,,,,,,,,,,,
beanstalkd,144,closed,-,-,-,2,11,3,,,,,,,,,,,,,,,,,,,,,,,,,,,,,,,,,,,,,,,,,,,,,,,,,,,,,,,,,,,,,,,,,,,,,,,,,,,,,,,,,,,,,,,,,,,,,,,,,,
beanstalkd,353,closed,opened,2017-06-02 07:02:10,,,,,,,,,,,,,,,,,,,,,,,,,,,,,,,,,,,,,,,,,,,,,,,,,,,,,,,,,,,,,,,,,,,,,,,,,,,,,,,,,,,,,,,,,,,,,,,,,,,,,,
beanstalkd,353,closed,title,2017-06-02 07:02:10,00:00,,1,,"b""b' update protocol markdown format of chinese version'""",,,,,,,,,,,,,,,,,,,,,,,,,,,,,,,,,,,,,,,,,,,,,,,,,,,,,,,,,,,,,,,,,,,,,,,,,,,,,,,,,,,,,,,,,,,,,,,,,
beanstalkd,353,closed,body,2017-06-02 07:02:10,00:00,,1,,"b""b' for better adaptation of GitHub markdown format"," update the file  .'""",,,,,,,,,,,,,,,,,,,,,,,,,,,,,,,,,,,,,,,,,,,,,,,,,,,,,,,,,,,,,,,,,,,,,,,,,,,,,,,,,,,,,,,,,,,,,,,,
beanstalkd,353,closed,1,2017-06-02 07:02:10,491.3,,1,,"b""b' Can you merge the code?  @kr '""",,,,,,,,,,,,,,,,,,,,,,,,,,,,,,,,,,,,,,,,,,,,,,,,,,,,,,,,,,,,,,,,,,,,,,,,,,,,,,,,,,,,,,,,,,,,,,,,,
beanstalkd,353,closed,2,2017-06-02 07:02:10,88.82,,1,,"b'b"" Since the language of development is English"," the Chinese documentation will constantly be outdated. I\'m not sure this project should maintain a Chinese documentation.""'",,,,,,,,,,,,,,,,,,,,,,,,,,,,,,,,,,,,,,,,,,,,,,,,,,,,,,,,,,,,,,,,,,,,,,,,,,,,,,,,,,,,,,,,,,,,,,,,
beanstalkd,353,closed,3,2017-06-02 07:02:10,4.48,,1,,"b""b' hi kr", This pr only updated markdown style, so it can display better on GitHub," nothing else. laixintao '""",,,,,,,,,,,,,,,,,,,,,,,,,,,,,,,,,,,,,,,,,,,,,,,,,,,,,,,,,,,,,,,,,,,,,,,,,,,,,,,,,,,,,,,,,,,,,,
beanstalkd,353,closed,4,2017-06-02 07:02:10,1289.17,,1,,"b""b' There are merge conflicts. Please fix and resubmit.'""",,,,,,,,,,,,,,,,,,,,,,,,,,,,,,,,,,,,,,,,,,,,,,,,,,,,,,,,,,,,,,,,,,,,,,,,,,,,,,,,,,,,,,,,,,,,,,,,,
beanstalkd,353,closed,closed,2018-08-19 14:15:56,433.77,0,6,0,,,,,,,,,,,,,,,,,,,,,,,,,,,,,,,,,,,,,,,,,,,,,,,,,,,,,,,,,,,,,,,,,,,,,,,,,,,,,,,,,,,,,,,,,,,,,,,,,,
beanstalkd,353,closed,reopened,2018-08-19 14:16:16,0.33,0,6,0,,,,,,,,,,,,,,,,,,,,,,,,,,,,,,,,,,,,,,,,,,,,,,,,,,,,,,,,,,,,,,,,,,,,,,,,,,,,,,,,,,,,,,,,,,,,,,,,,,
beanstalkd,353,closed,5,2017-06-02 07:02:10,1064.13,,1,,"b""b' I do not see any fixes here. Closing. If you think that there should be fix"," then please submit the changes and reopen.'""",,,,,,,,,,,,,,,,,,,,,,,,,,,,,,,,,,,,,,,,,,,,,,,,,,,,,,,,,,,,,,,,,,,,,,,,,,,,,,,,,,,,,,,,,,,,,,,,
beanstalkd,353,closed,closed,2019-06-30 08:00:04,1063.8,0,7,0,,,,,,,,,,,,,,,,,,,,,,,,,,,,,,,,,,,,,,,,,,,,,,,,,,,,,,,,,,,,,,,,,,,,,,,,,,,,,,,,,,,,,,,,,,,,,,,,,,
beanstalkd,353,closed,-,-,-,0,7,0,,,,,,,,,,,,,,,,,,,,,,,,,,,,,,,,,,,,,,,,,,,,,,,,,,,,,,,,,,,,,,,,,,,,,,,,,,,,,,,,,,,,,,,,,,,,,,,,,,
beanstalkd,399,closed,opened,2018-09-03 16:02:30,,,,,,,,,,,,,,,,,,,,,,,,,,,,,,,,,,,,,,,,,,,,,,,,,,,,,,,,,,,,,,,,,,,,,,,,,,,,,,,,,,,,,,,,,,,,,,,,,,,,,,
beanstalkd,399,closed,title,2018-09-03 16:02:30,00:00,,1,,"b""b' create a 1.11 release to include the commits since 1.10'""",,,,,,,,,,,,,,,,,,,,,,,,,,,,,,,,,,,,,,,,,,,,,,,,,,,,,,,,,,,,,,,,,,,,,,,,,,,,,,,,,,,,,,,,,,,,,,,,,
beanstalkd,399,closed,body,2018-09-03 16:02:30,00:00,,1,,"b""b' Hi @JensRantil I wondered if it was possible to create a 1.11 release of beanstalkd"," to include the commits already in master since 1.10.  url '""",,,,,,,,,,,,,,,,,,,,,,,,,,,,,,,,,,,,,,,,,,,,,,,,,,,,,,,,,,,,,,,,,,,,,,,,,,,,,,,,,,,,,,,,,,,,,,,,
beanstalkd,399,closed,1,2018-09-03 16:02:30,1183.43,,1,,"b'b"" It\'s very unfortunate that such a great piece of software is abandoned. Yes", there are commits here and there and there was no proper release for more than 4 years. To make this more constructive. @JensRantil," what help do you need to make new releases possible?""'",,,,,,,,,,,,,,,,,,,,,,,,,,,,,,,,,,,,,,,,,,,,,,,,,,,,,,,,,,,,,,,,,,,,,,,,,,,,,,,,,,,,,,,,,,,,,,,
beanstalkd,399,closed,2,2018-09-03 16:02:30,193.55,,1,,"b'b"" I\'ve not heard from @JensRantil since a few days after he rested the beanstalk project away from @kr ""'",,,,,,,,,,,,,,,,,,,,,,,,,,,,,,,,,,,,,,,,,,,,,,,,,,,,,,,,,,,,,,,,,,,,,,,,,,,,,,,,,,,,,,,,,,,,,,,,,
beanstalkd,399,closed,3,2018-09-03 16:02:30,405.67,,1,,"b""b' @tomponline so this starts to look like a House of the Damned? :) Hope not and everyone are OK. '""",,,,,,,,,,,,,,,,,,,,,,,,,,,,,,,,,,,,,,,,,,,,,,,,,,,,,,,,,,,,,,,,,,,,,,,,,,,,,,,,,,,,,,,,,,,,,,,,,
beanstalkd,399,closed,4,2018-09-03 16:02:30,1368.05,,1,,"b""b' @JensRantil Could you tag the new release please?'""",,,,,,,,,,,,,,,,,,,,,,,,,,,,,,,,,,,,,,,,,,,,,,,,,,,,,,,,,,,,,,,,,,,,,,,,,,,,,,,,,,,,,,,,,,,,,,,,,
beanstalkd,399,closed,5,2018-09-03 16:02:30,787.95,,,1,"b""b' @JensRantil would you be able to give me access to the beanstalk org to avoid a fork? thanks'""",,,,,,,,,,,,,,,,,,,,,,,,,,,,,,,,,,,,,,,,,,,,,,,,,,,,,,,,,,,,,,,,,,,,,,,,,,,,,,,,,,,,,,,,,,,,,,,,,
beanstalkd,399,closed,6,2018-09-03 16:02:30,1400.33,,1,,"b""b' url '""",,,,,,,,,,,,,,,,,,,,,,,,,,,,,,,,,,,,,,,,,,,,,,,,,,,,,,,,,,,,,,,,,,,,,,,,,,,,,,,,,,,,,,,,,,,,,,,,,
beanstalkd,399,closed,7,2018-09-03 16:02:30,235.78,,1,,"b""b' @stamster what was that link about?'""",,,,,,,,,,,,,,,,,,,,,,,,,,,,,,,,,,,,,,,,,,,,,,,,,,,,,,,,,,,,,,,,,,,,,,,,,,,,,,,,,,,,,,,,,,,,,,,,,
beanstalkd,399,closed,8,2018-09-03 16:02:30,194.48,,,1,"b'b"" @tomponline Just to show that the maintainer hasn\'t disappeared (thankfully!). ""'",,,,,,,,,,,,,,,,,,,,,,,,,,,,,,,,,,,,,,,,,,,,,,,,,,,,,,,,,,,,,,,,,,,,,,,,,,,,,,,,,,,,,,,,,,,,,,,,,
beanstalkd,399,closed,9,2018-09-03 16:02:30,31.68,,,1,"b""b' @kr would you be willing to create a new tag release of master? Thanks'""",,,,,,,,,,,,,,,,,,,,,,,,,,,,,,,,,,,,,,,,,,,,,,,,,,,,,,,,,,,,,,,,,,,,,,,,,,,,,,,,,,,,,,,,,,,,,,,,,
beanstalkd,399,closed,10,2018-09-03 16:02:30,1089.58,,1,,"b""b' Looks like a fork is unavoidable...'""",,,,,,,,,,,,,,,,,,,,,,,,,,,,,,,,,,,,,,,,,,,,,,,,,,,,,,,,,,,,,,,,,,,,,,,,,,,,,,,,,,,,,,,,,,,,,,,,,
beanstalkd,399,closed,11,2018-09-03 16:02:30,4.67,,1,,"b""b' @JensRantil Can we hope for release next version?'""",,,,,,,,,,,,,,,,,,,,,,,,,,,,,,,,,,,,,,,,,,,,,,,,,,,,,,,,,,,,,,,,,,,,,,,,,,,,,,,,,,,,,,,,,,,,,,,,,
beanstalkd,399,closed,12,2018-09-03 16:02:30,1353.38,,1,,"b""b' ping @JensRantil '""",,,,,,,,,,,,,,,,,,,,,,,,,,,,,,,,,,,,,,,,,,,,,,,,,,,,,,,,,,,,,,,,,,,,,,,,,,,,,,,,,,,,,,,,,,,,,,,,,
beanstalkd,399,closed,13,2018-09-03 16:02:30,158.88,,1,,"b""b' There are [747 forks]url  already. Has anyone heard back from @JensRantil or @kr? Is a new 1.11 version with the commits since 1.10 expected or available anywhere else?'""",,,,,,,,,,,,,,,,,,,,,,,,,,,,,,,,,,,,,,,,,,,,,,,,,,,,,,,,,,,,,,,,,,,,,,,,,,,,,,,,,,,,,,,,,,,,,,,,,
beanstalkd,399,closed,14,2018-09-03 16:02:30,34.9,1,,,"b'b"" Maybe it\'s time for a proper community project fork? :( Not sure who would be the best candidate for maintaining it", but maybe it\'s not that important, as long as it is some that knows a bit about the codebase," can make releases and is reachable.""'",,,,,,,,,,,,,,,,,,,,,,,,,,,,,,,,,,,,,,,,,,,,,,,,,,,,,,,,,,,,,,,,,,,,,,,,,,,,,,,,,,,,,,,,,,,,,,
beanstalkd,399,closed,15,2018-09-03 16:02:30,6.83,1,,,"b""b' @alup @kr @nesquena @nicotaing @petri @tdg5 @vit1251 Sorry for tagging you", but you all seem to be part of the beanstalkd Github organisation, could we start a search for maintainers," so that we can pass the torch on?  I would like to help with the efforts of searching if you give me the permissions to do so.'""",,,,,,,,,,,,,,,,,,,,,,,,,,,,,,,,,,,,,,,,,,,,,,,,,,,,,,,,,,,,,,,,,,,,,,,,,,,,,,,,,,,,,,,,,,,,,,
beanstalkd,399,closed,16,2018-09-03 16:02:30,38.22,1,,,"b""b' @kaspergrubbe I am sorry TL;DR that topic but I can help with debian packager (only technical issue no connection with debian community) if you want modern deb package.'""",,,,,,,,,,,,,,,,,,,,,,,,,,,,,,,,,,,,,,,,,,,,,,,,,,,,,,,,,,,,,,,,,,,,,,,,,,,,,,,,,,,,,,,,,,,,,,,,,
beanstalkd,399,closed,17,2018-09-03 16:02:30,1057.87,,1,,"b""b' @kr @JensRantil We", like many others," use beanstalkd in production. Is there any way we can help to make  a new release?'""",,,,,,,,,,,,,,,,,,,,,,,,,,,,,,,,,,,,,,,,,,,,,,,,,,,,,,,,,,,,,,,,,,,,,,,,,,,,,,,,,,,,,,,,,,,,,,,
beanstalkd,399,closed,18,2018-09-03 16:02:30,43.27,,,1,"b""b' @ysmolsky are you happy to move forward on this issue now?'""",,,,,,,,,,,,,,,,,,,,,,,,,,,,,,,,,,,,,,,,,,,,,,,,,,,,,,,,,,,,,,,,,,,,,,,,,,,,,,,,,,,,,,,,,,,,,,,,,
beanstalkd,399,closed,19,2018-09-03 16:02:30,385.27,,1,,"b""b' Yes", I am. I started looking at old issues and PRs," but I think that we should release before anything else and get feedback on that. '""",,,,,,,,,,,,,,,,,,,,,,,,,,,,,,,,,,,,,,,,,,,,,,,,,,,,,,,,,,,,,,,,,,,,,,,,,,,,,,,,,,,,,,,,,,,,,,,
beanstalkd,399,closed,20,2018-09-03 16:02:30,36.32,,,1,"b""b' I think that the best course of action is what you proposed", @ysmolsky: release version 1.11 with what has been committed since 1.10," then start bringing more in while getting feedback. Thanks in advance.'""",,,,,,,,,,,,,,,,,,,,,,,,,,,,,,,,,,,,,,,,,,,,,,,,,,,,,,,,,,,,,,,,,,,,,,,,,,,,,,,,,,,,,,,,,,,,,,,
beanstalkd,399,closed,21,2018-09-03 16:02:30,1402.95,1,,,"b""b' I am rehearsing the release by following the guide here: url  I have tagged the latest commit as dev1.11 with some foobar message.  Wrote some foobar News files. But I got stuck on the step of running : With debugging output turned on the culprit line is: url Also down the file I see reference to -pages", but there are no branches of this kind in this repo.  @kr," can you explain what is going on here? :)'""",,,,,,,,,,,,,,,,,,,,,,,,,,,,,,,,,,,,,,,,,,,,,,,,,,,,,,,,,,,,,,,,,,,,,,,,,,,,,,,,,,,,,,,,,,,,,,,
beanstalkd,399,closed,22,2018-09-03 16:02:30,30.97,1,,,"b""b' ~~First issues is figured out. Line 41 should be this:~~ ~~This allows the creation of release branch tagged 1.11.~~  EDIT: the above is not true. The actual fix was not about that line. I was creating annotated tags", that lead to the error. The regular tags are okay.  @kr what is the rationale behind dev* tags? Did you do release of dev branch first directly via Github? I am confused because I see releases like dev1.10 on github.  As for gh-pages, it seems to me that this was a branch in this repo that contained the blog," but it was moved away into separate repo. I am working on converting this to semi manual process that does not depend on having gh-pages as a branch in the repo.'""",,,,,,,,,,,,,,,,,,,,,,,,,,,,,,,,,,,,,,,,,,,,,,,,,,,,,,,,,,,,,,,,,,,,,,,,,,,,,,,,,,,,,,,,,,,,,,
beanstalkd,399,closed,23,2018-09-03 16:02:30,726.82,1,,,b'b\' I was never totally happy with the release process. I fiddled with it a few times and eventually settled on this. I had a couple of goals:  avoiding hard-coding the version number in source code in the main branch, since that produces misleading output for every commit other than the actual release commit still having the release tarball contain the version string so it can build correctly (of course) being able to distribute the release directly from github using their tarball links  Making a little one-commit branch for each release let me do all of those things.  This all happened before github had a notion of releases," so I\\\'m sure there is a better way now. Definitely feel free to change anything about this process if you want. I think github creates ""releases"" for tags automatically.  The only purpose of the dev* tags is to make it easy to know when releases happened on the main branch", for e.g. bisecting and scripting. \'',,,,,,,,,,,,,,,,,,,,,,,,,,,,,,,,,,,,,,,,,,,,,,,,,,,,,,,,,,,,,,,,,,,,,,,,,,,,,,,,,,,,,,,,,,,,,,
beanstalkd,399,closed,24,2018-09-03 16:02:30,1.17,,1,,"b""b'  For example","  uses the dev tags to print an accurate version string for whatever commit you happen to be on.'""",,,,,,,,,,,,,,,,,,,,,,,,,,,,,,,,,,,,,,,,,,,,,,,,,,,,,,,,,,,,,,,,,,,,,,,,,,,,,,,,,,,,,,,,,,,,,,,,
beanstalkd,399,closed,25,2018-09-03 16:02:30,163.18,,,1,"b""b' @ysmolsky im happy if you want to proceed with 1.11 release BTW \\xf0\\x9f\\x98\\x83'""",,,,,,,,,,,,,,,,,,,,,,,,,,,,,,,,,,,,,,,,,,,,,,,,,,,,,,,,,,,,,,,,,,,,,,,,,,,,,,,,,,,,,,,,,,,,,,,,,
beanstalkd,399,closed,26,2018-09-03 16:02:30,41.08,1,,,"b""b' Uhm", I thought that you wanted to try to release next version. Surely I can do it, but I would rather not since everything is done by me right now. I don\\xe2\\x80\\x99t want to be a single point of failure. Can you try to do it, report what is not working or not clear, and then if you are stuck for good," I can take over? Also I can review  before pushing tags and posts. What concerns do you have?'""",,,,,,,,,,,,,,,,,,,,,,,,,,,,,,,,,,,,,,,,,,,,,,,,,,,,,,,,,,,,,,,,,,,,,,,,,,,,,,,,,,,,,,,,,,,,
beanstalkd,399,closed,27,2018-09-03 16:02:30,64.95,,,1,"b'b"" @ysmolsky I am still happy to try it"," and agree it would be good to have more than 1 person able to do it. I just didn\'t want to hold you up if you had time available to do it. I\'m hoping to get a bit of time at the weekend to try this though :)""'",,,,,,,,,,,,,,,,,,,,,,,,,,,,,,,,,,,,,,,,,,,,,,,,,,,,,,,,,,,,,,,,,,,,,,,,,,,,,,,,,,,,,,,,,,,,,,,,
beanstalkd,399,closed,28,2018-09-03 16:02:30,4.65,,,1,"b'b"" @kr how thorough would you say the unit tests are and what is the way to run them? I\'d like to checkout the master and run the tests before tagging just to make sure there are no obvious issues. Thanks""'",,,,,,,,,,,,,,,,,,,,,,,,,,,,,,,,,,,,,,,,,,,,,,,,,,,,,,,,,,,,,,,,,,,,,,,,,,,,,,,,,,,,,,,,,,,,,,,,,
beanstalkd,399,closed,29,2018-09-03 16:02:30,0.57,,1,,"b""b' I have no rush with this. I will wait. Especially that I had a day off and was able to batch some work on beanstalkd. And now I have to take a break until the weekend. '""",,,,,,,,,,,,,,,,,,,,,,,,,,,,,,,,,,,,,,,,,,,,,,,,,,,,,,,,,,,,,,,,,,,,,,,,,,,,,,,,,,,,,,,,,,,,,,,,,
beanstalkd,399,closed,30,2018-09-03 16:02:30,45.53,1,,,"b'b""  To run them"," it\'s  .  I would say their thoroughness is okay but not great. Most of the existing tests are exercising various error conditions (like disk full) and the basic data structures (like the binary heap).""'",,,,,,,,,,,,,,,,,,,,,,,,,,,,,,,,,,,,,,,,,,,,,,,,,,,,,,,,,,,,,,,,,,,,,,,,,,,,,,,,,,,,,,,,,,,,,,,,
beanstalkd,399,closed,31,2018-09-03 16:02:30,337.8,,,1,"b""b' This is now done!  url Thanks @kr and @ysmolsky and everyone who contributed to it. :)'""",,,,,,,,,,,,,,,,,,,,,,,,,,,,,,,,,,,,,,,,,,,,,,,,,,,,,,,,,,,,,,,,,,,,,,,,,,,,,,,,,,,,,,,,,,,,,,,,,
beanstalkd,399,closed,closed,2019-06-29 14:04:34,1322.07,8,16,9,,,,,,,,,,,,,,,,,,,,,,,,,,,,,,,,,,,,,,,,,,,,,,,,,,,,,,,,,,,,,,,,,,,,,,,,,,,,,,,,,,,,,,,,,,,,,,,,,,
beanstalkd,399,closed,32,2018-09-03 16:02:30,1004.57,,1,,"b""b' @tomponline we forgot about making an announcement in url There is a script in  "," but I have not tested it myself.'""",,,,,,,,,,,,,,,,,,,,,,,,,,,,,,,,,,,,,,,,,,,,,,,,,,,,,,,,,,,,,,,,,,,,,,,,,,,,,,,,,,,,,,,,,,,,,,,,
beanstalkd,399,closed,reopened,2019-07-01 06:36:51,992.28,8,17,9,,,,,,,,,,,,,,,,,,,,,,,,,,,,,,,,,,,,,,,,,,,,,,,,,,,,,,,,,,,,,,,,,,,,,,,,,,,,,,,,,,,,,,,,,,,,,,,,,,
beanstalkd,399,closed,33,2018-09-03 16:02:30,226.95,,,1,"b""b' @ysmolsky will take a look thanks.'""",,,,,,,,,,,,,,,,,,,,,,,,,,,,,,,,,,,,,,,,,,,,,,,,,,,,,,,,,,,,,,,,,,,,,,,,,,,,,,,,,,,,,,,,,,,,,,,,,
beanstalkd,399,closed,34,2018-09-03 16:02:30,739.48,,,1,"b""b' Yo! Thanks for your efforts towards a  -release!'""",,,,,,,,,,,,,,,,,,,,,,,,,,,,,,,,,,,,,,,,,,,,,,,,,,,,,,,,,,,,,,,,,,,,,,,,,,,,,,,,,,,,,,,,,,,,,,,,,
beanstalkd,399,closed,35,2018-09-03 16:02:30,606.92,,1,,"b""b' I believe Debian  other package maintainers shall be notified about new release.  These are results from current Ubuntu LTS distro release:  '""",,,,,,,,,,,,,,,,,,,,,,,,,,,,,,,,,,,,,,,,,,,,,,,,,,,,,,,,,,,,,,,,,,,,,,,,,,,,,,,,,,,,,,,,,,,,,,,,,
beanstalkd,399,closed,36,2018-09-03 16:02:30,12.45,,1,,"b""b' @stamster what is the best way? is writing to url  enough?'""",,,,,,,,,,,,,,,,,,,,,,,,,,,,,,,,,,,,,,,,,,,,,,,,,,,,,,,,,,,,,,,,,,,,,,,,,,,,,,,,,,,,,,,,,,,,,,,,,
beanstalkd,399,closed,37,2018-09-03 16:02:30,7.58,,1,,"b'b"" @ysmolsky I\'m going to do that tonight btw ""'",,,,,,,,,,,,,,,,,,,,,,,,,,,,,,,,,,,,,,,,,,,,,,,,,,,,,,,,,,,,,,,,,,,,,,,,,,,,,,,,,,,,,,,,,,,,,,,,,
beanstalkd,399,closed,38,2018-09-03 16:02:30,0.75,,1,,"b""b' Alpine linux already picked it up: url '""",,,,,,,,,,,,,,,,,,,,,,,,,,,,,,,,,,,,,,,,,,,,,,,,,,,,,,,,,,,,,,,,,,,,,,,,,,,,,,,,,,,,,,,,,,,,,,,,,
beanstalkd,399,closed,39,2018-09-03 16:02:30,654.92,,1,,"b""b' Post to group is live url '""",,,,,,,,,,,,,,,,,,,,,,,,,,,,,,,,,,,,,,,,,,,,,,,,,,,,,,,,,,,,,,,,,,,,,,,,,,,,,,,,,,,,,,,,,,,,,,,,,
beanstalkd,399,closed,closed,2019-07-08 20:05:55,809.07,8,22,11,,,,,,,,,,,,,,,,,,,,,,,,,,,,,,,,,,,,,,,,,,,,,,,,,,,,,,,,,,,,,,,,,,,,,,,,,,,,,,,,,,,,,,,,,,,,,,,,,,
beanstalkd,399,closed,-,-,-,8,22,11,,,,,,,,,,,,,,,,,,,,,,,,,,,,,,,,,,,,,,,,,,,,,,,,,,,,,,,,,,,,,,,,,,,,,,,,,,,,,,,,,,,,,,,,,,,,,,,,,,
